"Column1","Column2","Column3","Column4","Column5","Column6"
"minerals","grabbed","fair","shorter","correct","hello"
"save","dangerous","wagon","came","tower","brown"
"finger","add","everyone","sent","sunlight","slipped"
"through","careful","sense","win","color","occasionally"
"long","research","still","copy","learn","vertical"
"lake","bark","fish","largest","lack","broken"
"anyway","skill","express","fighting","family","keep"
"neck","dropped","wonderful","girl","graph","teach"
"current","list","engine","warn","author","finger"
"subject","serious","shop","think","truth","combination"
"raise","occasionally","note","swam","fall","someone"
"doubt","manufacturing","cotton","government","back","bow"
"advice","making","drawn","tobacco","giving","finger"
"pocket","organized","white","longer","taste","learn"
"try","wing","note","deer","hall","stopped"
"was","whispered","passage","journey","bare","gift"
"topic","film","hollow","strange","location","easier"
"prevent","game","complete","appropriate","religious","location"
"twice","western","suppose","matter","older","real"
"own","have","observe","store","observe","community"
"fear","rest","open","hit","tree","value"
"within","grass","kids","report","leader","breathing"
"thou","title","tip","noted","great","closer"
"hand","nation","advice","explore","transportation","vapor"
"chief","edge","directly","fast","summer","fall"
"principal","laid","early","pitch","news","well"
"hello","farm","slide","very","equal","game"
"congress","situation","cent","take","mainly","brick"
"tip","former","typical","missing","some","sitting"
"having","chest","duck","different","breathing","arrive"
"make","greatest","manufacturing","meet","swimming","course"
"mountain","wife","castle","stock","individual","question"
"heading","article","screen","immediately","pool","car"
"law","simple","won","laugh","led","can"
"include","softly","growth","hospital","wrote","across"
"hello","meet","tank","long","fog","some"
"central","rear","horn","vessels","carbon","adjective"
"wooden","broad","spent","alive","hall","round"
"other","minerals","support","shape","swept","measure"
"noise","question","very","peace","principal","anywhere"
"discovery","dream","folks","oil","brass","increase"
"question","golden","known","flew","children","him"
"given","who","child","root","lion","loss"
"physical","discussion","written","heard","which","beauty"
"gone","orange","population","body","furniture","having"
"few","research","quiet","magnet","examine","vertical"
"women","feathers","toward","wait","friendly","chest"
"having","cage","story","buffalo","river","tight"
"moment","tonight","avoid","eleven","war","among"
"trail","bee","afraid","am","wealth","history"
"belong","duty","almost","sad","till","go"
"great","memory","sport","with","explain","distance"
"knew","bar","bark","fox","chosen","price"
"he","make","grabbed","involved","office","comfortable"
"duty","young","bear","land","tide","train"
"difference","who","army","agree","success","said"
"breathing","think","connected","particles","blood","flight"
"cause","shout","report","victory","force","affect"
"base","draw","cannot","high","struggle","brain"
"truth","swim","cat","said","dig","that"
"happened","fourth","here","built","combination","worried"
"shinning","finger","younger","block","three","sport"
"chosen","found","biggest","education","ring","hurry"
"sides","market","judge","telephone","nobody","addition"
"driver","glad","catch","equator","yellow","medicine"
"fear","attack","straw","rock","wait","wave"
"brief","temperature","was","locate","surrounded","whole"
"has","influence","burst","hung","supply","driven"
"score","place","seeing","pour","fourth","especially"
"until","proper","forest","back","dry","bell"
"furniture","automobile","sometime","every","bit","stay"
"student","grow","especially","safety","leather","increase"
"similar","shelter","star","handsome","both","doing"
"bear","all","east","exercise","dust","pleasant"
"popular","plain","widely","might","cost","season"
"heart","pie","north","decide","young","divide"
"rubber","unusual","glass","least","he","shinning"
"then","hope","shot","deer","cage","exactly"
"else","dried","present","eager","cow","place"
"kept","thou","sale","whistle","needs","popular"
"draw","grown","gently","spin","follow","scientific"
"look","us","impossible","fell","nest","lay"
"birds","changing","cat","learn","kitchen","generally"
"piano","club","familiar","differ","across","higher"
"flag","quite","between","such","plant","fireplace"
"operation","develop","vapor","cattle","pay","properly"
"offer","mission","machine","captured","whispered","beat"
"central","chemical","horse","needle","break","particularly"
"finish","detail","smile","correct","chapter","fur"
"passage","common","cave","teach","black","sign"
"wing","death","difficult","courage","idea","term"
"damage","wall","chapter","experience","construction","order"
"threw","rose","join","been","private","percent"
"design","ruler","term","cross","exist","weigh"
"center","trip","electric","mixture","able","manufacturing"
"compare","leaving","president","acres","monkey","zoo"
"whose","plain","range","blue","meet","found"
"partly","useful","cell","aloud","any","parallel"
"quiet","safety","village","row","sheet","entirely"
"sides","busy","stranger","scientist","sold","influence"
"naturally","year","plastic","kitchen","excited","queen"